title,source,url
"Children 'weaponised' in toxic trans debate, Cass says",BBC News,https://www.bbc.co.uk/news/articles/c0k1vkmxgd6o
Democrats seek to reassure Europe about post-Trump America,BBC News,https://www.bbc.co.uk/news/articles/cjrq2r9y278o
North London measles outbreak hits several schools with tens of children infected,BBC News,https://www.bbc.co.uk/news/articles/cev7edxxzm7o
"Neath man said girlfriend died in crash, but forensics revealed the truth",BBC News,https://www.bbc.co.uk/news/articles/cr73r7mj730o
Fresh fears for South West's rail link in Dawlish after storms,BBC News,https://www.bbc.co.uk/news/articles/c0q4j9e78jzo
Nigella Lawson: The new Bake Off judge who breaks the mould,BBC News,https://www.bbc.co.uk/news/articles/cgmlvl48202o
Germany's spectacular multimillion-euro heist nobody noticed,BBC News,https://www.bbc.co.uk/news/articles/cm2y2538lz8o
Could Manchester be a model for the UK to kickstart growth?,BBC News,https://www.bbc.co.uk/news/articles/c0ljgzjwjx3o
Sex drive and the great debate over whether testosterone can help,BBC News,https://www.bbc.co.uk/news/articles/ckg8r28d3lgo
Obama addresses racist video shared by Trump depicting him as an ape,BBC News,https://www.bbc.co.uk/news/articles/c74754j7qwgo
